{"cameraMode":{"drawMode":0,"name":"Shaded","section":"Shading Mode"},"sceneLighting":false,"audioPlay":false,"sceneViewState":{"showFog":true,"showMaterialUpdate":true,"showSkybox":true,"showFlares":true,"showImageEffects":true,"showParticleSystems":true},"in2DMode":false,"pivot":{"x":83.52742767333985,"y":156.33792114257813,"z":79.0},"rotation":{"x":-0.07030691206455231,"y":-0.06161296367645264,"z":0.004349857568740845,"w":-0.995611310005188},"size":740.4036254882813,"orthographic":true}