{"cameraMode":{"drawMode":0,"name":"Shaded","section":"Shading Mode"},"sceneLighting":false,"audioPlay":false,"sceneViewState":{"showFog":true,"showMaterialUpdate":true,"showSkybox":true,"showFlares":true,"showImageEffects":true,"showParticleSystems":true},"in2DMode":false,"pivot":{"x":1119.828369140625,"y":637.0367431640625,"z":965.247314453125},"rotation":{"x":0.2099844366312027,"y":0.11264188587665558,"z":-0.024362096562981607,"w":0.9708886742591858},"size":134.25796508789063,"orthographic":true}