{"cameraMode":{"drawMode":0,"name":"Shaded","section":"Shading Mode"},"sceneLighting":false,"audioPlay":false,"sceneViewState":{"showFog":true,"showMaterialUpdate":true,"showSkybox":true,"showFlares":true,"showImageEffects":true,"showParticleSystems":true},"in2DMode":false,"pivot":{"x":1115.5020751953125,"y":631.4000244140625,"z":972.106689453125},"rotation":{"x":0.1664283722639084,"y":0.271238774061203,"z":-0.04767751693725586,"w":0.9468147158622742},"size":1428.942626953125,"orthographic":true}