{"cameraMode":{"drawMode":0,"name":"Shaded","section":"Shading Mode"},"sceneLighting":false,"audioPlay":false,"sceneViewState":{"showFog":true,"showMaterialUpdate":true,"showSkybox":true,"showFlares":true,"showImageEffects":true,"showParticleSystems":true},"in2DMode":false,"pivot":{"x":1116.27001953125,"y":632.4000244140625,"z":972.2899780273438},"rotation":{"x":0.0942855104804039,"y":-0.340137243270874,"z":0.03430040925741196,"w":0.9350082874298096},"size":1428.9425048828125,"orthographic":true}